,Unnamed: 0,Timestamp,single_best_optimization_score,single_best_test_score,single_best_train_score,task_x,fold_x,framework_x,ensemble_optimization_score,ensemble_test_score,task_y,fold_y,framework_y
0,0,2021-01-01 20:30:38.000,0.7605978766995716,0.7650974025974027,1.0,vehicle,0.0,autosklearn,,,,,
1,1,2021-01-01 20:30:47.000,0.7605978766995716,0.7650974025974027,1.0,vehicle,0.0,autosklearn,,,,,
2,2,2021-01-01 20:30:48.583,0.7605978766995716,0.7650974025974027,1.0,vehicle,0.0,autosklearn,0.7839189999999999,0.7418290043000001,vehicle,0.0,autosklearn
3,3,2021-01-01 20:30:51.000,0.7605978766995716,0.7650974025974027,1.0,vehicle,0.0,autosklearn,0.7839189999999999,0.7418290043000001,vehicle,0.0,autosklearn
4,4,2021-01-01 20:30:56.000,0.7605978766995716,0.7661255411255411,1.0,vehicle,0.0,autosklearn,0.7839189999999999,0.7418290043000001,vehicle,0.0,autosklearn
5,5,2021-01-01 20:30:57.837,0.7605978766995716,0.7661255411255411,1.0,vehicle,0.0,autosklearn,0.787887254,0.7418290043000001,vehicle,0.0,autosklearn
6,6,2021-01-01 20:30:59.000,0.7605978766995716,0.8014069264069263,1.0,vehicle,0.0,autosklearn,0.787887254,0.7418290043000001,vehicle,0.0,autosklearn
7,7,2021-01-01 20:31:03.000,0.7605978766995716,0.8014069264069263,1.0,vehicle,0.0,autosklearn,0.787887254,0.7418290043000001,vehicle,0.0,autosklearn
8,8,2021-01-01 20:31:04.752,0.7605978766995716,0.8014069264069263,1.0,vehicle,0.0,autosklearn,0.7924660086,0.7775974026000001,vehicle,0.0,autosklearn
9,9,2021-01-01 20:31:09.000,0.8186068169119016,0.8570346320346321,1.0,vehicle,0.0,autosklearn,0.7924660086,0.7775974026000001,vehicle,0.0,autosklearn
10,10,2021-01-01 20:31:17.000,0.8186068169119016,0.8570346320346321,1.0,vehicle,0.0,autosklearn,0.7924660086,0.7775974026000001,vehicle,0.0,autosklearn
11,11,2021-01-01 20:31:18.787,0.8186068169119016,0.8570346320346321,1.0,vehicle,0.0,autosklearn,0.8311717473000001,0.8576298701,vehicle,0.0,autosklearn
12,12,2021-01-01 20:31:20.000,0.8186068169119016,0.8570346320346321,1.0,vehicle,0.0,autosklearn,0.8311717473000001,0.8576298701,vehicle,0.0,autosklearn
13,13,2021-01-01 20:31:24.000,0.8186068169119016,0.8570346320346321,1.0,vehicle,0.0,autosklearn,0.8311717473000001,0.8576298701,vehicle,0.0,autosklearn
14,14,2021-01-01 20:31:26.676,0.8186068169119016,0.8570346320346321,1.0,vehicle,0.0,autosklearn,0.8311717473000001,0.8576298701,vehicle,0.0,autosklearn
15,15,2021-01-01 20:31:32.000,0.8186068169119016,0.8570346320346321,1.0,vehicle,0.0,autosklearn,0.8311717473000001,0.8576298701,vehicle,0.0,autosklearn
16,16,2021-01-01 20:31:34.000,0.8186068169119016,0.8570346320346321,1.0,vehicle,0.0,autosklearn,0.8311717473000001,0.8576298701,vehicle,0.0,autosklearn
17,17,2021-01-01 20:31:36.233,0.8186068169119016,0.8570346320346321,1.0,vehicle,0.0,autosklearn,0.8311717473000001,0.8576298701,vehicle,0.0,autosklearn
18,18,2021-01-01 20:31:38.000,0.8186068169119016,0.8570346320346321,1.0,vehicle,0.0,autosklearn,0.8311717473000001,0.8576298701,vehicle,0.0,autosklearn
19,19,2021-01-01 20:31:41.000,0.8186068169119016,0.8570346320346321,1.0,vehicle,0.0,autosklearn,0.8311717473000001,0.8576298701,vehicle,0.0,autosklearn
20,20,2021-01-01 20:31:43.463,0.8186068169119016,0.8570346320346321,1.0,vehicle,0.0,autosklearn,0.838864055,0.8576298701,vehicle,0.0,autosklearn
21,21,2021-01-01 20:32:00.000,0.8186068169119016,0.8570346320346321,1.0,vehicle,0.0,autosklearn,0.838864055,0.8576298701,vehicle,0.0,autosklearn
22,22,2021-01-01 20:32:04.000,0.8186068169119016,0.8570346320346321,1.0,vehicle,0.0,autosklearn,0.838864055,0.8576298701,vehicle,0.0,autosklearn
23,23,2021-01-01 20:32:06.243,0.8186068169119016,0.8570346320346321,1.0,vehicle,0.0,autosklearn,0.838864055,0.8576298701,vehicle,0.0,autosklearn
24,24,2021-01-01 20:32:08.000,0.8186068169119016,0.8570346320346321,1.0,vehicle,0.0,autosklearn,0.838864055,0.8576298701,vehicle,0.0,autosklearn
25,25,2021-01-01 20:32:21.000,0.8186068169119016,0.8570346320346321,1.0,vehicle,0.0,autosklearn,0.838864055,0.8576298701,vehicle,0.0,autosklearn
26,26,2021-01-01 20:32:24.062,0.8186068169119016,0.8570346320346321,1.0,vehicle,0.0,autosklearn,0.8465563627,0.8576298701,vehicle,0.0,autosklearn
27,27,2021-01-01 20:33:10.000,0.8186068169119016,0.8570346320346321,1.0,vehicle,0.0,autosklearn,0.8465563627,0.8576298701,vehicle,0.0,autosklearn
28,28,2021-01-01 20:38:49.000,0.8397187558204509,0.8570346320346321,1.0,vehicle,0.0,autosklearn,0.8465563627,0.8576298701,vehicle,0.0,autosklearn
29,29,2021-01-01 20:38:52.385,0.8397187558204509,0.8570346320346321,1.0,vehicle,0.0,autosklearn,0.8588274249,0.8576298701,vehicle,0.0,autosklearn
30,30,2021-01-01 20:38:55.000,0.8397187558204509,0.8570346320346321,1.0,vehicle,0.0,autosklearn,0.8588274249,0.8576298701,vehicle,0.0,autosklearn
31,31,2021-01-01 20:38:59.000,0.8397187558204509,0.8570346320346321,1.0,vehicle,0.0,autosklearn,0.8588274249,0.8576298701,vehicle,0.0,autosklearn
32,32,2021-01-01 20:39:02.220,0.8397187558204509,0.8570346320346321,1.0,vehicle,0.0,autosklearn,0.8588274249,0.8576298701,vehicle,0.0,autosklearn
33,33,2021-01-01 20:39:07.000,0.8397187558204509,0.8570346320346321,1.0,vehicle,0.0,autosklearn,0.8588274249,0.8576298701,vehicle,0.0,autosklearn
34,34,2021-01-01 20:39:12.000,0.8397187558204509,0.8570346320346321,1.0,vehicle,0.0,autosklearn,0.8588274249,0.8576298701,vehicle,0.0,autosklearn
35,35,2021-01-01 20:39:14.977,0.8397187558204509,0.8570346320346321,1.0,vehicle,0.0,autosklearn,0.8588274249,0.8576298701,vehicle,0.0,autosklearn
36,36,2021-01-01 20:39:19.000,0.8397187558204509,0.8570346320346321,1.0,vehicle,0.0,autosklearn,0.8588274249,0.8576298701,vehicle,0.0,autosklearn
37,37,2021-01-01 20:39:32.000,0.8397187558204509,0.8570346320346321,1.0,vehicle,0.0,autosklearn,0.8588274249,0.8576298701,vehicle,0.0,autosklearn
38,38,2021-01-01 20:39:35.780,0.8397187558204509,0.8570346320346321,1.0,vehicle,0.0,autosklearn,0.8588274249,0.8576298701,vehicle,0.0,autosklearn
39,39,2021-01-01 20:39:38.000,0.8397187558204509,0.8570346320346321,1.0,vehicle,0.0,autosklearn,0.8588274249,0.8576298701,vehicle,0.0,autosklearn
40,40,2021-01-01 20:39:40.000,0.8397187558204509,0.8570346320346321,1.0,vehicle,0.0,autosklearn,0.8588274249,0.8576298701,vehicle,0.0,autosklearn
41,41,2021-01-01 20:39:43.765,0.8397187558204509,0.8570346320346321,1.0,vehicle,0.0,autosklearn,0.8588274249,0.8576298701,vehicle,0.0,autosklearn
42,42,2021-01-01 20:39:46.000,0.8397187558204509,0.8570346320346321,1.0,vehicle,0.0,autosklearn,0.8588274249,0.8576298701,vehicle,0.0,autosklearn
43,43,2021-01-01 20:39:48.000,0.8397187558204509,0.8570346320346321,1.0,vehicle,0.0,autosklearn,0.8588274249,0.8576298701,vehicle,0.0,autosklearn
44,44,2021-01-01 20:39:51.768,0.8397187558204509,0.8570346320346321,1.0,vehicle,0.0,autosklearn,0.8588274249,0.8576298701,vehicle,0.0,autosklearn
45,45,2021-01-01 20:39:54.000,0.8397187558204509,0.8570346320346321,1.0,vehicle,0.0,autosklearn,0.8588274249,0.8576298701,vehicle,0.0,autosklearn
46,46,2021-01-01 20:39:57.000,0.8397187558204509,0.8570346320346321,1.0,vehicle,0.0,autosklearn,0.8588274249,0.8576298701,vehicle,0.0,autosklearn
47,47,2021-01-01 20:40:01.353,0.8397187558204509,0.8570346320346321,1.0,vehicle,0.0,autosklearn,0.8588274249,0.8576298701,vehicle,0.0,autosklearn
48,48,2021-01-01 20:40:06.000,0.8397187558204509,0.8570346320346321,1.0,vehicle,0.0,autosklearn,0.8588274249,0.8576298701,vehicle,0.0,autosklearn
49,49,2021-01-01 20:40:09.000,0.8397187558204509,0.8570346320346321,1.0,vehicle,0.0,autosklearn,0.8588274249,0.8576298701,vehicle,0.0,autosklearn
50,50,2021-01-01 20:40:13.192,0.8397187558204509,0.8570346320346321,1.0,vehicle,0.0,autosklearn,0.8588274249,0.8576298701,vehicle,0.0,autosklearn
51,51,2021-01-01 20:40:16.000,0.8397187558204509,0.8570346320346321,1.0,vehicle,0.0,autosklearn,0.8588274249,0.8576298701,vehicle,0.0,autosklearn
52,52,2021-01-01 20:40:21.000,0.8397187558204509,0.8570346320346321,1.0,vehicle,0.0,autosklearn,0.8588274249,0.8576298701,vehicle,0.0,autosklearn
53,53,2021-01-01 20:40:25.559,0.8397187558204509,0.8570346320346321,1.0,vehicle,0.0,autosklearn,0.8588274249,0.8576298701,vehicle,0.0,autosklearn
54,54,2021-01-01 20:40:28.000,0.8397187558204509,0.8570346320346321,1.0,vehicle,0.0,autosklearn,0.8588274249,0.8576298701,vehicle,0.0,autosklearn
55,55,2021-01-01 20:40:30.000,0.8397187558204509,0.8570346320346321,1.0,vehicle,0.0,autosklearn,0.8588274249,0.8576298701,vehicle,0.0,autosklearn
56,56,2021-01-01 20:40:34.445,0.8397187558204509,0.8570346320346321,1.0,vehicle,0.0,autosklearn,0.8629177790000001,0.8576298701,vehicle,0.0,autosklearn
57,57,2021-01-01 20:40:36.000,0.8397187558204509,0.8570346320346321,1.0,vehicle,0.0,autosklearn,0.8629177790000001,0.8576298701,vehicle,0.0,autosklearn
58,58,2021-01-01 20:40:42.900,0.8397187558204509,0.8570346320346321,1.0,vehicle,0.0,autosklearn,0.8629177790000001,0.8576298701,vehicle,0.0,autosklearn
59,59,2021-01-01 20:40:45.000,0.8397187558204509,0.8570346320346321,1.0,vehicle,0.0,autosklearn,0.8629177790000001,0.8576298701,vehicle,0.0,autosklearn
60,60,2021-01-01 20:40:47.000,0.8397187558204509,0.8570346320346321,1.0,vehicle,0.0,autosklearn,0.8629177790000001,0.8576298701,vehicle,0.0,autosklearn
61,61,2021-01-01 20:40:51.491,0.8397187558204509,0.8570346320346321,1.0,vehicle,0.0,autosklearn,0.8629177790000001,0.8576298701,vehicle,0.0,autosklearn
62,62,2021-01-01 20:40:53.000,0.8397187558204509,0.8570346320346321,1.0,vehicle,0.0,autosklearn,0.8629177790000001,0.8576298701,vehicle,0.0,autosklearn
63,63,2021-01-01 20:40:58.000,0.8397187558204509,0.8570346320346321,1.0,vehicle,0.0,autosklearn,0.8629177790000001,0.8576298701,vehicle,0.0,autosklearn
64,64,2021-01-01 20:41:02.051,0.8397187558204509,0.8570346320346321,1.0,vehicle,0.0,autosklearn,0.8667887668,0.8576298701,vehicle,0.0,autosklearn
65,65,2021-01-01 20:41:16.000,0.8397187558204509,0.8570346320346321,1.0,vehicle,0.0,autosklearn,0.8667887668,0.8576298701,vehicle,0.0,autosklearn
66,66,2021-01-01 20:41:18.000,0.8397187558204509,0.8570346320346321,1.0,vehicle,0.0,autosklearn,0.8667887668,0.8576298701,vehicle,0.0,autosklearn
67,67,2021-01-01 20:41:22.969,0.8397187558204509,0.8570346320346321,1.0,vehicle,0.0,autosklearn,0.8667887668,0.8576298701,vehicle,0.0,autosklearn
68,68,2021-01-01 20:41:27.000,0.8397187558204509,0.8570346320346321,1.0,vehicle,0.0,autosklearn,0.8667887668,0.8576298701,vehicle,0.0,autosklearn
69,69,2021-01-01 20:41:29.000,0.8397187558204509,0.8570346320346321,1.0,vehicle,0.0,autosklearn,0.8667887668,0.8576298701,vehicle,0.0,autosklearn
70,70,2021-01-01 20:41:34.031,0.8397187558204509,0.8570346320346321,1.0,vehicle,0.0,autosklearn,0.8667887668,0.8576298701,vehicle,0.0,autosklearn
71,71,2021-01-01 20:41:36.000,0.8397187558204509,0.8570346320346321,1.0,vehicle,0.0,autosklearn,0.8667887668,0.8576298701,vehicle,0.0,autosklearn
72,72,2021-01-01 20:41:38.000,0.8397187558204509,0.8570346320346321,1.0,vehicle,0.0,autosklearn,0.8667887668,0.8576298701,vehicle,0.0,autosklearn
73,73,2021-01-01 20:41:42.926,0.8397187558204509,0.8570346320346321,1.0,vehicle,0.0,autosklearn,0.8667887668,0.8576298701,vehicle,0.0,autosklearn
74,74,2021-01-01 20:41:45.000,0.8397187558204509,0.8570346320346321,1.0,vehicle,0.0,autosklearn,0.8667887668,0.8576298701,vehicle,0.0,autosklearn
75,75,2021-01-01 20:41:50.000,0.8397187558204509,0.8570346320346321,1.0,vehicle,0.0,autosklearn,0.8667887668,0.8576298701,vehicle,0.0,autosklearn
76,76,2021-01-01 20:41:54.706,0.8397187558204509,0.8570346320346321,1.0,vehicle,0.0,autosklearn,0.8667887668,0.8576298701,vehicle,0.0,autosklearn
77,77,2021-01-01 20:41:56.000,0.8397187558204509,0.8570346320346321,1.0,vehicle,0.0,autosklearn,0.8667887668,0.8576298701,vehicle,0.0,autosklearn
78,78,2021-01-01 20:41:59.000,0.8397187558204509,0.8570346320346321,1.0,vehicle,0.0,autosklearn,0.8667887668,0.8576298701,vehicle,0.0,autosklearn
79,79,2021-01-01 20:42:03.958,0.8397187558204509,0.8570346320346321,1.0,vehicle,0.0,autosklearn,0.8667887668,0.8576298701,vehicle,0.0,autosklearn
80,80,2021-01-01 20:42:06.000,0.8397187558204509,0.8570346320346321,1.0,vehicle,0.0,autosklearn,0.8667887668,0.8576298701,vehicle,0.0,autosklearn
81,81,2021-01-01 20:42:10.000,0.8397187558204509,0.8570346320346321,1.0,vehicle,0.0,autosklearn,0.8667887668,0.8576298701,vehicle,0.0,autosklearn
82,82,2021-01-01 20:42:14.663,0.8397187558204509,0.8570346320346321,1.0,vehicle,0.0,autosklearn,0.8667887668,0.8576298701,vehicle,0.0,autosklearn
83,83,2021-01-01 20:42:16.000,0.8397187558204509,0.8570346320346321,1.0,vehicle,0.0,autosklearn,0.8667887668,0.8576298701,vehicle,0.0,autosklearn
84,84,2021-01-01 20:42:19.000,0.8397187558204509,0.8570346320346321,1.0,vehicle,0.0,autosklearn,0.8667887668,0.8576298701,vehicle,0.0,autosklearn
85,85,2021-01-01 20:42:23.424,0.8397187558204509,0.8570346320346321,1.0,vehicle,0.0,autosklearn,0.8667887668,0.8576298701,vehicle,0.0,autosklearn
86,86,2021-01-01 20:42:25.000,0.8397187558204509,0.8570346320346321,1.0,vehicle,0.0,autosklearn,0.8667887668,0.8576298701,vehicle,0.0,autosklearn
87,87,2021-01-01 20:42:27.000,0.8397187558204509,0.8570346320346321,1.0,vehicle,0.0,autosklearn,0.8667887668,0.8576298701,vehicle,0.0,autosklearn
88,88,2021-01-01 20:42:32.040,0.8397187558204509,0.8570346320346321,1.0,vehicle,0.0,autosklearn,0.8667887668,0.8576298701,vehicle,0.0,autosklearn
89,89,2021-01-01 20:42:35.000,0.8397187558204509,0.8570346320346321,1.0,vehicle,0.0,autosklearn,0.8667887668,0.8576298701,vehicle,0.0,autosklearn
90,90,2021-01-01 20:42:38.000,0.8397187558204509,0.8570346320346321,1.0,vehicle,0.0,autosklearn,0.8667887668,0.8576298701,vehicle,0.0,autosklearn
91,91,2021-01-01 20:42:43.066,0.8397187558204509,0.8570346320346321,1.0,vehicle,0.0,autosklearn,0.8667887668,0.8576298701,vehicle,0.0,autosklearn
92,92,2021-01-01 20:42:44.000,0.8397187558204509,0.8570346320346321,1.0,vehicle,0.0,autosklearn,0.8667887668,0.8576298701,vehicle,0.0,autosklearn
93,93,2021-01-01 20:42:47.000,0.8397187558204509,0.8836038961038961,1.0,vehicle,0.0,autosklearn,0.8667887668,0.8576298701,vehicle,0.0,autosklearn
94,94,2021-01-01 20:42:51.598,0.8397187558204509,0.8836038961038961,1.0,vehicle,0.0,autosklearn,0.8667887668,0.8576298701,vehicle,0.0,autosklearn
95,95,2021-01-01 20:42:53.000,0.8397187558204509,0.8836038961038961,1.0,vehicle,0.0,autosklearn,0.8667887668,0.8576298701,vehicle,0.0,autosklearn
96,96,2021-01-01 20:42:57.000,0.8397187558204509,0.8836038961038961,1.0,vehicle,0.0,autosklearn,0.8667887668,0.8576298701,vehicle,0.0,autosklearn
97,97,2021-01-01 20:43:02.271,0.8397187558204509,0.8836038961038961,1.0,vehicle,0.0,autosklearn,0.8667887668,0.8576298701,vehicle,0.0,autosklearn
98,98,2021-01-01 20:43:04.000,0.8397187558204509,0.8836038961038961,1.0,vehicle,0.0,autosklearn,0.8667887668,0.8576298701,vehicle,0.0,autosklearn
99,99,2021-01-01 20:43:09.000,0.8397187558204509,0.8836038961038961,1.0,vehicle,0.0,autosklearn,0.8667887668,0.8576298701,vehicle,0.0,autosklearn
100,100,2021-01-01 20:43:13.514,0.8397187558204509,0.8836038961038961,1.0,vehicle,0.0,autosklearn,0.8667887668,0.8576298701,vehicle,0.0,autosklearn
101,101,2021-01-01 20:43:15.000,0.8397187558204509,0.8836038961038961,1.0,vehicle,0.0,autosklearn,0.8667887668,0.8576298701,vehicle,0.0,autosklearn
102,102,2021-01-01 20:43:17.000,0.8397187558204509,0.8836038961038961,1.0,vehicle,0.0,autosklearn,0.8667887668,0.8576298701,vehicle,0.0,autosklearn
103,103,2021-01-01 20:43:21.823,0.8397187558204509,0.8836038961038961,1.0,vehicle,0.0,autosklearn,0.8667887668,0.8576298701,vehicle,0.0,autosklearn
104,104,2021-01-01 20:43:24.000,0.8397187558204509,0.8836038961038961,1.0,vehicle,0.0,autosklearn,0.8667887668,0.8576298701,vehicle,0.0,autosklearn
105,105,2021-01-01 20:43:26.000,0.8397187558204509,0.8836038961038961,1.0,vehicle,0.0,autosklearn,0.8667887668,0.8576298701,vehicle,0.0,autosklearn
106,106,2021-01-01 20:43:30.819,0.8397187558204509,0.8836038961038961,1.0,vehicle,0.0,autosklearn,0.8667887668,0.8576298701,vehicle,0.0,autosklearn
107,107,2021-01-01 20:43:33.000,0.8397187558204509,0.8836038961038961,1.0,vehicle,0.0,autosklearn,0.8667887668,0.8576298701,vehicle,0.0,autosklearn
108,108,2021-01-01 20:43:36.000,0.8397187558204509,0.8836038961038961,1.0,vehicle,0.0,autosklearn,0.8667887668,0.8576298701,vehicle,0.0,autosklearn
109,109,2021-01-01 20:43:40.583,0.8397187558204509,0.8836038961038961,1.0,vehicle,0.0,autosklearn,0.8667887668,0.8576298701,vehicle,0.0,autosklearn
110,110,2021-01-01 20:43:42.000,0.8397187558204509,0.8836038961038961,1.0,vehicle,0.0,autosklearn,0.8667887668,0.8576298701,vehicle,0.0,autosklearn
111,111,2021-01-01 20:43:45.000,0.8397187558204509,0.8836038961038961,1.0,vehicle,0.0,autosklearn,0.8667887668,0.8576298701,vehicle,0.0,autosklearn
112,112,2021-01-01 20:43:49.626,0.8397187558204509,0.8836038961038961,1.0,vehicle,0.0,autosklearn,0.867032967,0.8576298701,vehicle,0.0,autosklearn
113,113,2021-01-01 20:43:51.000,0.8397187558204509,0.8836038961038961,1.0,vehicle,0.0,autosklearn,0.867032967,0.8576298701,vehicle,0.0,autosklearn
114,114,2021-01-01 20:43:53.000,0.8397187558204509,0.8836038961038961,1.0,vehicle,0.0,autosklearn,0.867032967,0.8576298701,vehicle,0.0,autosklearn
115,115,2021-01-01 20:44:06.000,0.8397187558204509,0.8836038961038961,1.0,vehicle,0.0,autosklearn,0.867032967,0.8576298701,vehicle,0.0,autosklearn
116,116,2021-01-01 20:44:11.179,0.8397187558204509,0.8836038961038961,1.0,vehicle,0.0,autosklearn,0.8671550672,0.8576298701,vehicle,0.0,autosklearn
117,117,2021-01-01 20:44:13.000,0.8397187558204509,0.8836038961038961,1.0,vehicle,0.0,autosklearn,0.8671550672,0.8576298701,vehicle,0.0,autosklearn
118,118,2021-01-01 20:44:16.000,0.8397187558204509,0.8836038961038961,1.0,vehicle,0.0,autosklearn,0.8671550672,0.8576298701,vehicle,0.0,autosklearn
119,119,2021-01-01 20:44:21.000,0.8397187558204509,0.8836038961038961,1.0,vehicle,0.0,autosklearn,0.8671550672,0.8576298701,vehicle,0.0,autosklearn
120,120,2021-01-01 20:44:25.961,0.8397187558204509,0.8836038961038961,1.0,vehicle,0.0,autosklearn,0.8671550672,0.8576298701,vehicle,0.0,autosklearn
121,121,2021-01-01 20:44:28.000,0.8397187558204509,0.8836038961038961,1.0,vehicle,0.0,autosklearn,0.8671550672,0.8576298701,vehicle,0.0,autosklearn
122,122,2021-01-01 20:44:30.000,0.8397187558204509,0.8836038961038961,1.0,vehicle,0.0,autosklearn,0.8671550672,0.8576298701,vehicle,0.0,autosklearn
123,123,2021-01-01 20:44:40.000,0.8397187558204509,0.8836038961038961,1.0,vehicle,0.0,autosklearn,0.8671550672,0.8576298701,vehicle,0.0,autosklearn
124,124,2021-01-01 20:44:44.000,0.8397187558204509,0.8836038961038961,1.0,vehicle,0.0,autosklearn,0.8671550672,0.8576298701,vehicle,0.0,autosklearn
125,125,2021-01-01 20:44:48.000,0.8397187558204509,0.8836038961038961,1.0,vehicle,0.0,autosklearn,0.8671550672,0.8576298701,vehicle,0.0,autosklearn
126,126,2021-01-01 20:44:53.242,0.8397187558204509,0.8836038961038961,1.0,vehicle,0.0,autosklearn,0.8671550672,0.8576298701,vehicle,0.0,autosklearn
127,127,2021-01-01 20:44:55.000,0.8397187558204509,0.8836038961038961,1.0,vehicle,0.0,autosklearn,0.8671550672,0.8576298701,vehicle,0.0,autosklearn
128,128,2021-01-01 20:44:57.000,0.8397187558204509,0.8836038961038961,1.0,vehicle,0.0,autosklearn,0.8671550672,0.8576298701,vehicle,0.0,autosklearn
129,129,2021-01-01 20:45:01.000,0.8397187558204509,0.8836038961038961,1.0,vehicle,0.0,autosklearn,0.8671550672,0.8576298701,vehicle,0.0,autosklearn
130,130,2021-01-01 20:50:25.000,0.8438091099108048,0.8836038961038961,1.0,vehicle,0.0,autosklearn,0.8671550672,0.8576298701,vehicle,0.0,autosklearn
131,131,2021-01-01 20:50:30.154,0.8438091099108048,0.8836038961038961,1.0,vehicle,0.0,autosklearn,0.8671550672,0.8576298701,vehicle,0.0,autosklearn
132,132,2021-01-01 20:50:32.000,0.8438091099108048,0.8836038961038961,1.0,vehicle,0.0,autosklearn,0.8671550672,0.8576298701,vehicle,0.0,autosklearn
133,133,2021-01-01 20:50:39.457,0.8438091099108048,0.8836038961038961,1.0,vehicle,0.0,autosklearn,0.8671550672,0.8576298701,vehicle,0.0,autosklearn
134,134,2021-01-01 20:50:42.000,0.8438091099108048,0.8836038961038961,1.0,vehicle,0.0,autosklearn,0.8671550672,0.8576298701,vehicle,0.0,autosklearn
135,135,2021-01-01 20:50:46.000,0.8438091099108048,0.8836038961038961,1.0,vehicle,0.0,autosklearn,0.8671550672,0.8576298701,vehicle,0.0,autosklearn
136,136,2021-01-01 20:50:50.819,0.8438091099108048,0.8836038961038961,1.0,vehicle,0.0,autosklearn,0.8672771673,0.8576298701,vehicle,0.0,autosklearn
137,137,2021-01-01 20:50:53.000,0.8438091099108048,0.8836038961038961,1.0,vehicle,0.0,autosklearn,0.8672771673,0.8576298701,vehicle,0.0,autosklearn
138,138,2021-01-01 20:50:55.000,0.8438091099108048,0.8836038961038961,1.0,vehicle,0.0,autosklearn,0.8672771673,0.8576298701,vehicle,0.0,autosklearn
139,139,2021-01-01 20:50:59.574,0.8438091099108048,0.8836038961038961,1.0,vehicle,0.0,autosklearn,0.8672771673,0.8576298701,vehicle,0.0,autosklearn
140,140,2021-01-01 20:51:02.000,0.8438091099108048,0.8836038961038961,1.0,vehicle,0.0,autosklearn,0.8672771673,0.8576298701,vehicle,0.0,autosklearn
141,141,2021-01-01 20:51:04.000,0.8438091099108048,0.8836038961038961,1.0,vehicle,0.0,autosklearn,0.8672771673,0.8576298701,vehicle,0.0,autosklearn
142,142,2021-01-01 20:51:08.922,0.8438091099108048,0.8836038961038961,1.0,vehicle,0.0,autosklearn,0.8672771673,0.8576298701,vehicle,0.0,autosklearn
143,143,2021-01-01 20:51:12.000,0.8438091099108048,0.8836038961038961,1.0,vehicle,0.0,autosklearn,0.8672771673,0.8576298701,vehicle,0.0,autosklearn
144,144,2021-01-01 20:51:16.000,0.8438091099108048,0.8836038961038961,1.0,vehicle,0.0,autosklearn,0.8672771673,0.8576298701,vehicle,0.0,autosklearn
145,145,2021-01-01 20:56:46.000,0.8786686947703897,0.8836038961038961,1.0,vehicle,0.0,autosklearn,0.8672771673,0.8576298701,vehicle,0.0,autosklearn
146,146,2021-01-01 20:56:50.570,0.8786686947703897,0.8836038961038961,1.0,vehicle,0.0,autosklearn,0.8823927484999999,0.8576298701,vehicle,0.0,autosklearn
147,147,2021-01-01 20:56:52.000,0.8786686947703897,0.8836038961038961,1.0,vehicle,0.0,autosklearn,0.8823927484999999,0.8576298701,vehicle,0.0,autosklearn
148,148,2021-01-01 21:03:05.000,0.8786686947703897,0.8836038961038961,1.0,vehicle,0.0,autosklearn,0.8823927484999999,0.8576298701,vehicle,0.0,autosklearn
149,149,2021-01-01 21:09:15.000,0.8786686947703897,0.8836038961038961,1.0,vehicle,0.0,autosklearn,0.8823927484999999,0.8576298701,vehicle,0.0,autosklearn
150,150,2021-01-01 21:09:17.000,0.8786686947703897,0.8836038961038961,1.0,vehicle,0.0,autosklearn,0.8823927484999999,0.8576298701,vehicle,0.0,autosklearn
151,151,2021-01-01 21:09:22.226,0.8786686947703897,0.8836038961038961,1.0,vehicle,0.0,autosklearn,0.8823927484999999,0.8576298701,vehicle,0.0,autosklearn
152,152,2021-01-01 21:09:24.000,0.8786686947703897,0.8836038961038961,1.0,vehicle,0.0,autosklearn,0.8823927484999999,0.8576298701,vehicle,0.0,autosklearn
153,153,2021-01-01 21:09:26.000,0.8786686947703897,0.8836038961038961,1.0,vehicle,0.0,autosklearn,0.8823927484999999,0.8576298701,vehicle,0.0,autosklearn
154,154,2021-01-01 21:09:30.858,0.8786686947703897,0.8836038961038961,1.0,vehicle,0.0,autosklearn,0.8823927484999999,0.8576298701,vehicle,0.0,autosklearn
155,155,2021-01-01 21:15:35.000,0.8786686947703897,0.8836038961038961,1.0,vehicle,0.0,autosklearn,0.8823927484999999,0.8576298701,vehicle,0.0,autosklearn
156,156,2021-01-01 21:21:00.000,0.8786686947703897,0.8836038961038961,1.0,vehicle,0.0,autosklearn,0.8823927484999999,0.8576298701,vehicle,0.0,autosklearn
157,157,2021-01-01 21:21:05.128,0.8786686947703897,0.8836038961038961,1.0,vehicle,0.0,autosklearn,0.8904513566,0.8576298701,vehicle,0.0,autosklearn
158,158,2021-01-01 21:21:07.000,0.8786686947703897,0.8836038961038961,1.0,vehicle,0.0,autosklearn,0.8904513566,0.8576298701,vehicle,0.0,autosklearn
159,159,2021-01-01 21:21:10.000,0.8786686947703897,0.8836038961038961,1.0,vehicle,0.0,autosklearn,0.8904513566,0.8576298701,vehicle,0.0,autosklearn
160,160,2021-01-01 21:21:15.437,0.8786686947703897,0.8836038961038961,1.0,vehicle,0.0,autosklearn,0.8904513566,0.8576298701,vehicle,0.0,autosklearn
161,161,2021-01-01 21:21:18.000,0.8786686947703897,0.8836038961038961,1.0,vehicle,0.0,autosklearn,0.8904513566,0.8576298701,vehicle,0.0,autosklearn
162,162,2021-01-01 21:26:36.000,0.8786686947703897,0.8836038961038961,1.0,vehicle,0.0,autosklearn,0.8904513566,0.8576298701,vehicle,0.0,autosklearn
163,163,2021-01-01 21:26:41.351,0.8786686947703897,0.8836038961038961,1.0,vehicle,0.0,autosklearn,0.8904513566,0.8576298701,vehicle,0.0,autosklearn
164,164,2021-01-01 21:26:43.000,0.8786686947703897,0.8836038961038961,1.0,vehicle,0.0,autosklearn,0.8904513566,0.8576298701,vehicle,0.0,autosklearn
165,165,2021-01-01 21:26:47.000,0.8786686947703897,0.8836038961038961,1.0,vehicle,0.0,autosklearn,0.8904513566,0.8576298701,vehicle,0.0,autosklearn
166,166,2021-01-01 21:26:52.089,0.8786686947703897,0.8836038961038961,1.0,vehicle,0.0,autosklearn,0.8905734567,0.8576298701,vehicle,0.0,autosklearn
